{
  "id": "1152420",
  "name": "no name",
  "font_family": "iconfont",
  "css_prefix_text": "icon-",
  "description": "",
  "glyphs": [
    {
      "icon_id": "8843671",
      "name": "向右",
      "font_class": "xiangyou",
      "unicode": "e648",
      "unicode_decimal": 58952
    },
    {
      "icon_id": "954728",
      "name": "刷新",
      "font_class": "shuaxin",
      "unicode": "e62e",
      "unicode_decimal": 58926
    },
    {
      "icon_id": "13763300",
      "name": "更多列表",
      "font_class": "gengduoliebiao",
      "unicode": "e60c",
      "unicode_decimal": 58892
    },
    {
      "icon_id": "287175",
      "name": "搜索",
      "font_class": "sousuo",
      "unicode": "e633",
      "unicode_decimal": 58931
    },
    {
      "icon_id": "969534",
      "name": "写文章",
      "font_class": "combinedshapecopy2",
      "unicode": "e652",
      "unicode_decimal": 58962
    },
    {
      "icon_id": "1621077",
      "name": "Aa",
      "font_class": "Aa",
      "unicode": "e636",
      "unicode_decimal": 58934
    },
    {
      "icon_id": "6500757",
      "name": "首页",
      "font_class": "shouye",
      "unicode": "e618",
      "unicode_decimal": 58904
    },
    {
      "icon_id": "8530851",
      "name": "下载",
      "font_class": "xingzhuang",
      "unicode": "e61c",
      "unicode_decimal": 58908
    }
  ]
}
